,Site,Ave_Total_Q_[cfs],AveBF_[cfs],Ave RO_[cfs],BF:Q
0,Fagaalu,8.229782928132828,3.224202469123339,5.005580459009488,0.39177248018312505
1,Leone,7.881867336214455,2.9647232710795883,4.917144065134867,0.3761447820185592
2,Fagasa,4.179532635711889,1.943599618317782,2.2359330173941077,0.4650279798537172
3,Afono,3.2031529274710664,0.5801202628237421,2.623032664647324,0.18110913714062196
4,Nuuuli,6.347630411666724,2.1787080514898105,4.168922360176914,0.34323171170858036
5,Vaipito,5.32988889613459,1.7299633126413487,3.599925583493241,0.32457774380549936
6,Malota,7.647774983669629,4.909929922434492,2.737845061235137,0.6420076339744194
7,Fagaitua,0.8531617019180024,0.350128596288219,0.5030331056297834,0.41038949064531494
